{
  "project_info": {
    "project_number": "269210387281",
    "project_id": "sheshield-43070",
    "storage_bucket": "sheshield-43070.appspot.com"
  },
  "client": [
    {
      "client_info": {
        "mobilesdk_app_id": "1:363239062777:android:c1ce9acb52824dad403628",
        "android_client_info": {
          "package_name": "com.android.sheguard"
        }
      },
      "oauth_client": [],
      "api_key": [
        {
          "current_key": "AIzaSyCKEolPrrdlKsYWIf-4sciBCDA91DVEw_s"
        }
      ],
      "services": {
        "appinvite_service": {
          "other_platform_oauth_client": []
        }
      }
    }
  ],
  "configuration_version": "1"
}